IE_NAME;IE_CODE;IE_SORT;IP_PROP152;IP_PROP31;IP_PROP111;IP_PROP153;IP_PROP106;IP_PROP107;IP_PROP108;IP_PROP109;IP_PROP110;IP_PROP112;IC_GROUP0;IC_GROUP1;IC_GROUP2
МТКИ-200-12-62  (2М421Д4);silovoy-modul-v-korpuse-mpk-62-mtki-200-12-62-;100;/upload/iblock/42d/42d56d9b51184c680aaff1e713877cf6.JPG;/upload/iblock/d9a/d9afb8aa27b4b1702f926208b46155ed.JPG;Одиночный ключ;;1200;200;Приборы специального назначения;МПК-62;;;Силовые модули на основе IGBT и FRD;;
Силовой модуль в корпусе МПК-62 - 2М421Е4 ;silovoy-modul-v-korpuse-mpk-62-2m421e4-;200;/upload/iblock/fd1/fd198173474ec699f59c92e04e665661.png;;Одиночный ключ;;1200;300;Приборы специального назначения;МПК-62;;;Силовые модули на основе IGBT и FRD;;
МТКИ-300-12-62  (2М421Е4);silovoy-modul-mtki-300-12-62;110;/upload/iblock/331/331e89d399794e1bb7633f4becfd5ce2.JPG;/upload/iblock/90d/90d069fce5ba3157d43ae57b6673b794.JPG;Одиночный ключ;;1200;300;Приборы специального назначения;МПК-62;;;Силовые модули на основе IGBT и FRD;;
МТКИ-300-17-62  (2М422Е4);silovoy-modul-mtki-300-17-62;120;/upload/iblock/4c4/4c4a0d0d422d79edd3ff01da2988129e.JPG;/upload/iblock/fb3/fb33ae94082328cee5b2d77fe837d8ef.JPG;Одиночный ключ;;1700;300;Приборы специального назначения;МПК-62;;;Силовые модули на основе IGBT и FRD;;
МТКИ-400-12-62  (2М421Ж4);silovoy-modul-mtki-400-12-62;130;/upload/iblock/3fc/3fcf6b6105fe4939abee1d5477fafdfe.JPG;/upload/iblock/0db/0db9ddd29b2209f58c071fa378167674.JPG;Одиночный ключ;;1200;400;Приборы специального назначения;МПК-62;;;Силовые модули на основе IGBT и FRD;;
МТКИ-400-17-62  (2М422Ж4);silovoy-modul-mtki-400-17-62;140;/upload/iblock/7ad/7ad54757b961da29ccdec594d2cf9896.JPG;/upload/iblock/a0d/a0dcac94e38510dcaed31c7bd6ba9a2e.JPG;Одиночный ключ;;1700;400;Приборы специального назначения;МПК-62;;;Силовые модули на основе IGBT и FRD;;
МТКИ-100-12-34  (2М421В2);silovoy-modul-mtki-100-12-34;210;/upload/iblock/840/8407c97acb6904fa6ea01acf98eaa3ce.JPG;/upload/iblock/116/116624cea496ada5a4080f8793441f25.JPG;Одиночный ключ;;1200;100;Приборы специального назначения;МПК-34;;;Силовые модули на основе IGBT и FRD;;
МТКИ-100-17-34  (2М422В2);silovoy-modul-mtki-100-17-34;220;/upload/iblock/fa8/fa881fdedc5cded4df433aece2763076.JPG;/upload/iblock/652/6521ec1d7cdb311b26708f4b6120d019.JPG;Одиночный ключ;;1700;100;Приборы специального назначения;МПК-34;;;Силовые модули на основе IGBT и FRD;;
МТКИ-150-12-34  (2М421Г2);silovoy-modul-mtki-150-12-34;230;/upload/iblock/937/9379039c6d474f7d8b9f5379e5065a26.JPG;/upload/iblock/750/75034a453b2eee09c0111dfd1bdd54a9.JPG;Одиночный ключ;;1200;150;Приборы специального назначения;МПК-34;;;Силовые модули на основе IGBT и FRD;;
МТКИ-200-12-34  (2М421Д2);silovoy-modul-mtki-200-12-34;240;/upload/iblock/ee5/ee557a527fb90f291cff72012042228b.JPG;/upload/iblock/c97/c97e1a35ec11ffa7de4ecaf32ffd3c39.JPG;Одиночный ключ;;1200;200;Приборы специального назначения;МПК-34;;;Силовые модули на основе IGBT и FRD;;
МТКИ-200-17-34  (2М422Д2);silovoy-modul-mtki-200-17-34;250;/upload/iblock/a41/a417cbf54b05fe1a5c80594879df282a.JPG;/upload/iblock/01b/01b3b7bcbe8a823afa20c0f79cebfab4.JPG;Одиночный ключ;;1700;200;Приборы специального назначения;МПК-34;;;Силовые модули на основе IGBT и FRD;;
МТКИ-50-12-44  (2М421А3);silovoy-modul-mtki-50-12-44;310;/upload/iblock/a6c/a6cadfa243de6c969bbe897e595e346d.JPG;/upload/iblock/843/8438b77b2a6922e595a5337b495f2320.JPG;Одиночный ключ;;1200;50;Приборы специального назначения;МПК-44;;;Силовые модули на основе IGBT и FRD;;
МТКИ-50-17-44  (2М422А3);silovoy-modul-mtki-50-17-44;320;/upload/iblock/8a9/8a9e3cabe7f51320a1431cf8d7040cd7.JPG;/upload/iblock/f50/f50eaec2c756d6215e5f33a225a105c3.JPG;Одиночный ключ;;1700;50;Приборы специального назначения;МПК-44;;;Силовые модули на основе IGBT и FRD;;
МТКИ-75-12-44  (2М421Б3);silovoy-modul-mtki-75-12-44;330;/upload/iblock/88e/88e5468d4dce128de7ec52f350fcbd45.JPG;/upload/iblock/fec/fec2cfb82385fd93e005f504824c6454.JPG;Одиночный ключ;;1200;75;Приборы специального назначения;МПК-44;;;Силовые модули на основе IGBT и FRD;;
МТКИ-75-17-44  (2М422Б3);silovoy-modul-mtki-75-17-44;340;/upload/iblock/815/815f15b6a7ef9daf294cd1d3c1eeb662.JPG;/upload/iblock/ea4/ea4bdf98018afa3c7be0455e20bf20fb.JPG;Одиночный ключ;;1700;75;Приборы специального назначения;МПК-44;;;Силовые модули на основе IGBT и FRD;;
МТКИ9-50-12-44  (2М427А3);silovoy-modul-mtki9-50-12-44;510;/upload/iblock/28c/28c9f46ede4396de6defec57299f071e.JPG;/upload/iblock/183/1837fb6066c40d141ae9bf4f9308120a.JPG;Полумост;;1200;50;Приборы специального назначения;МПК-44;;;Силовые модули на основе IGBT и FRD;;
МТКИ9-50-17-44  (2М428А3);silovoy-modul-mtki9-50-17-44;520;/upload/iblock/d34/d34ba779e6192f394a739168a8628d4a.JPG;/upload/iblock/d60/d606a71b96fd3833395f9b32a4604386.JPG;Полумост;;1700;50;Приборы специального назначения;МПК-44;;;Силовые модули на основе IGBT и FRD;;
МТКИ9-75-12-44  (2М427Б3);silovoy-modul-mtki9-75-12-44;530;/upload/iblock/6ac/6acce34d8ac66b2ae02d86d8ad30079d.JPG;/upload/iblock/3dc/3dca6fdf1f42f0f491ec42925b256daf.JPG;Полумост;;1200;75;Приборы специального назначения;МПК-44;;;Силовые модули на основе IGBT и FRD;;
МТКИ9-75-17-44  (2М428Б3);silovoy-modul-mtki9-75-17-44;540;/upload/iblock/6d4/6d48cccd26f20861af4a3f198a651827.JPG;/upload/iblock/6dd/6ddce649308019d2c22f95e9b6748b08.JPG;Полумост;;1700;75;Приборы специального назначения;МПК-44;;;Силовые модули на основе IGBT и FRD;;
МТКИ9-100-12-34  (2М427В2);silovoy-modul-mtki9-100-12-34;550;/upload/iblock/8c7/8c7cca13978975bdcfa003c7dae19a76.JPG;/upload/iblock/b17/b176784311ccf8f378a1c89cabb7c32f.JPG;Полумост;;1200;100;Приборы специального назначения;МПК-34;;;Силовые модули на основе IGBT и FRD;;
МТКИ9-100-17-34  (2М428В2);silovoy-modul-mtki9-100-17-34;560;/upload/iblock/32f/32fa8c604491398a36db250568bdc05e.JPG;/upload/iblock/932/9329b310643e8effa7fba0a23c075a25.JPG;Полумост;;1700;100;Приборы специального назначения;МПК-34;;;Силовые модули на основе IGBT и FRD;;
МТКИ9-150-12-62  (2М427Г4);silovoy-modul-mtki9-150-12-62;610;/upload/iblock/f92/f922706761f22a86a1fce186cceca1c4.JPG;/upload/iblock/006/0060661d9e49c83620f2add06bf631c5.JPG;Полумост;;1200;150;Приборы специального назначения;МПК-62;;;Силовые модули на основе IGBT и FRD;;
МТКИ9-150-17-62  (2М428Г4);silovoy-modul-mtki9-150-17-62;620;/upload/iblock/114/11460429318c3277676bf3b19f24f4aa.JPG;/upload/iblock/0b3/0b36de5a35900b7178f0459fb2d47ef6.JPG;Полумост;;1700;150;Приборы специального назначения;МПК-62;;;Силовые модули на основе IGBT и FRD;;
МТКИ9-200-12-62  (2М427Д);silovoy-modul-mtki9-200-12-62;630;/upload/iblock/e55/e55af002f8181f69f44c6cdc13e8a546.JPG;/upload/iblock/619/6190640a15d7d20ea39b8b07aa409a05.JPG;Полумост;;1200;200;Приборы специального назначения;МПК-62;;;Силовые модули на основе IGBT и FRD;;
МТКИ9-200-17-62  (2М428Д4);silovoy-modul-mtki9-200-17-62;640;/upload/iblock/ce1/ce199b412192441902b40ea82e6874c4.JPG;/upload/iblock/175/1751b9f252aa622e2ae69ad7218d4a79.JPG;Полумост;;1700;200;Приборы специального назначения;МПК-62;;;Силовые модули на основе IGBT и FRD;;
МТКИ9-300-12-62  (2М427Е4);silovoy-modul-mtki9-300-12-62;650;/upload/iblock/6b2/6b27f98cf8d02cc048975205d9c9a3b3.JPG;/upload/iblock/515/515a857ed75ab2f2c89d16a9f1e28981.JPG;Полумост;;1200;300;Приборы специального назначения;МПК-62;;;Силовые модули на основе IGBT и FRD;;
МД/ТКИ9-100-12-34  (2М429В2);silovoy-modul-md-tki9-100-12-34;580;/upload/iblock/976/9765a7f7322e0c8d50ce0a1e1188b73c.JPG;/upload/iblock/51b/51be375c37774d03760307ab7ca6d60f.JPG;Полумост с дополнительным диодом;;1200;100;Приборы специального назначения;МПК-34;;;Силовые модули на основе IGBT и FRD;;
МД/ТКИ9-100-17-34  (2М430В2);silovoy-modul-md-tki9-100-17-34;590;/upload/iblock/d27/d27e47714fd8c695ce74364712764e07.JPG;/upload/iblock/f9e/f9e8897160a188469eee0099c40f7195.JPG;Полумост с дополнительным диодом;;1700;100;Приборы специального назначения;МПК-34;;;Силовые модули на основе IGBT и FRD;;
МТКИ15-50-12-62  (2М431А4);silovoy-modul-mtki15-50-12-62;710;/upload/iblock/59f/59f1796de8623e752cf84ca7d0e1e71c.JPG;/upload/iblock/d50/d509d8a53452418e8a92d480451932e9.JPG;Трехфазный мост;;1200;50;Приборы специального назначения;МПК-62;;;Силовые модули на основе IGBT и FRD;;
МТКИ15-50-17-62  (2М432А4);silovoy-modul-mtki15-50-17-62;720;/upload/iblock/b4c/b4c346aa3ac17388a60914d67a3f8674.JPG;/upload/iblock/00e/00e67dd2e0be16411100c8e87e77c1ca.JPG;Трехфазный мост;;1700;50;Приборы специального назначения;МПК-62;;;Силовые модули на основе IGBT и FRD;;
МТКИ15-100-12-62  (2М431В4);silovoy-modul-mtki15-100-12-62;730;/upload/iblock/9b1/9b1afa173299f01142f7df2d78ef5cc4.JPG;/upload/iblock/975/975bd1cb9ba58e6cef9a369ecba40530.JPG;Трехфазный мост;;1200;100;Приборы специального назначения;МПК-62;;;Силовые модули на основе IGBT и FRD;;
МТКИ15-100-17-62  (2М432В4);silovoy-modul-mtki15-100-17-62;740;/upload/iblock/07a/07a64dc27915684ac543ab45f8eca5e9.JPG;/upload/iblock/500/5007047d4b7989681c1a6d96539cf45c.JPG;Трехфазный мост;;1700;100;Приборы специального назначения;МПК-62;;;Силовые модули на основе IGBT и FRD;;
МТКИ/Д3-50-12-44  (2М425А3);silovoy-modul-mtki-d3-50-12-44;1110;/upload/iblock/3ad/3ad8354d8267ad24c774a03b83948925.JPG;/upload/iblock/848/848bc03d687f539dfd07ff2868f00e05.JPG;Верхний чоппер;;1200;50;Приборы специального назначения;МПК-44;;;Силовые модули на основе IGBT и FRD;;
МТКИ/Д3-50-17-44  (2М426А3);silovoy-modul-mtki-d3-50-17-44;1120;/upload/iblock/4e5/4e5b483e1727f1f2025c500e1d15d915.JPG;/upload/iblock/744/74412bd32b2df38ea5185117fe361938.JPG;Верхний чоппер;;1700;50;Приборы специального назначения;МПК-44;;;Силовые модули на основе IGBT и FRD;;
МТКИ/Д3-75-12-44  (2М425Б3);silovoy-modul-mtki-d3-75-12-44;1130;/upload/iblock/b3a/b3a71c16448b01ed5331b113cbf7db23.JPG;/upload/iblock/406/406883089e7822805ac91ecf8d6ce655.JPG;Верхний чоппер;;1200;75;Приборы специального назначения;МПК-44;;;Силовые модули на основе IGBT и FRD;;
МТКИ/Д3-75-17-44  (2М426Б3);silovoy-modul-mtki-d3-75-17-44;1140;/upload/iblock/10d/10deb10a2cb88306fd8cf7ace358a2c0.JPG;/upload/iblock/fe4/fe4e263fab3e3ca2017d2e9ffd92b7ee.JPG;Верхний чоппер;;1700;75;Приборы специального назначения;МПК-44;;;Силовые модули на основе IGBT и FRD;;
МТКИ/Д3-100-12-34  (2М425В2);silovoy-modul-mtki-d3-100-12-34;1210;/upload/iblock/56c/56c96b779aa7c185e2063386a52dc168.JPG;/upload/iblock/1e8/1e8916102ff101743e581f3a6913aed9.JPG;Верхний чоппер;;1200;100;Приборы специального назначения;МПК-34;;;Силовые модули на основе IGBT и FRD;;
МТКИ/Д3-100-17-34  (2М426В2);silovoy-modul-mtki-d3-100-17-34;1220;/upload/iblock/9d1/9d1987e77efc3ca9c01cdaf3c147944a.JPG;/upload/iblock/d80/d80b8e06aab74429b9fb64d5732844df.JPG;Верхний чоппер;;1700;100;Приборы специального назначения;МПК-34;;;Силовые модули на основе IGBT и FRD;;
МТКИ/Д3-200-12-62  (2М425Д4);silovoy-modul-mtki-d3-200-12-62;1310;/upload/iblock/cf0/cf0c45ca0efb73418105b6c3b5adab5a.JPG;/upload/iblock/884/88409f9af19ff10e9e28d73103375632.JPG;Верхний чоппер;;1200;200;Приборы специального назначения;МПК-62;;;Силовые модули на основе IGBT и FRD;;
МТКИ/Д3-200-17-62  (2М426Д4);silovoy-modul-mtki-d3-200-17-62;1320;/upload/iblock/b65/b65e085523c6ce8ed47d61c9d0d8ce3a.JPG;/upload/iblock/830/8300b3a34e39276c1a632fb26236f126.JPG;Верхний чоппер;;1700;200;Приборы специального назначения;МПК-62;;;Силовые модули на основе IGBT и FRD;;
МТКИ/Д3-300-12-62  (2М425Е4);silovoy-modul-mtki-d3-300-12-62;1330;/upload/iblock/34f/34fb50edf6f93b2c35a0860985b58b1d.JPG;/upload/iblock/226/226699d0e52bafb5fcc179afc5dbe856.JPG;Верхний чоппер;;1200;300;Приборы специального назначения;МПК-62;;;Силовые модули на основе IGBT и FRD;;
МТКИ/Д3-300-17-62  (2М426Е4);silovoy-modul-mtki-d3-300-17-62;1340;/upload/iblock/aaf/aaf6325bb9d53196e0fb785254f11f34.JPG;/upload/iblock/221/22136d7d6bbe6d4a57852d01e5a08d64.JPG;Верхний чоппер;;1700;300;Приборы специального назначения;МПК-62;;;Силовые модули на основе IGBT и FRD;;
МТКИ/Д3-400-12-62  (2М425Ж4);silovoy-modul-mtki-d3-400-12-62;1350;/upload/iblock/d71/d716357e2020c2df77f6d1abc2ba88c9.JPG;/upload/iblock/ba9/ba9c535a02223f3c4ec388ba743bc270.JPG;Верхний чоппер;;1200;400;Приборы специального назначения;МПК-62;;;Силовые модули на основе IGBT и FRD;;
МТКИ/Д3-400-17-62  (2М426Ж4);silovoy-modul-mtki-d3-400-17-62;1360;/upload/iblock/b23/b2334b894b7f1b8dbe1f45f3737dc240.JPG;/upload/iblock/5e3/5e3c7cc0611f5bed4576b71e94f18da0.JPG;Верхний чоппер;;1700;400;Приборы специального назначения;МПК-62;;;Силовые модули на основе IGBT и FRD;;
МД/ТКИ3-50-12-44  (2М423А3);silovoy-modul-md-tki3-50-12-44;1410;/upload/iblock/7a1/7a14f92e0d049acd4a426642c5dd4a11.JPG;/upload/iblock/572/572aee8a92dd570cc3e6b39926071ff1.JPG;Нижний чоппер;;1200;50;Приборы специального назначения;МПК-44;;;Силовые модули на основе IGBT и FRD;;
МД/ТКИ3-50-17-44  (2М424А3);silovoy-modul-md-tki3-50-17-44;1420;/upload/iblock/604/6040e0185ab2d6b58b0fa9150c1f5e5b.JPG;/upload/iblock/08e/08ef8b2687f8ae15b3a15ccb7825c546.JPG;Нижний чоппер;;1700;50;Приборы специального назначения;МПК-44;;;Силовые модули на основе IGBT и FRD;;
МД/ТКИ3-75-12-44  (2М423Б3);silovoy-modul-md-tki3-75-12-44;1430;/upload/iblock/d45/d45a021c505ed0dea8e5694ce6f475be.JPG;/upload/iblock/9fa/9fa841febf39191a437924148dd0b7ca.JPG;Нижний чоппер;;1200;75;Приборы специального назначения;МПК-44;;;Силовые модули на основе IGBT и FRD;;
МД/ТКИ3-75-17-44  (2М424Б3);silovoy-modul-md-tki3-75-17-44;1440;/upload/iblock/404/4045c7e7dc8d5688a4bee16e2d894080.JPG;/upload/iblock/d56/d56bb9c0dc0440df6c1d0e78e5421ad7.JPG;Нижний чоппер;;1700;75;Приборы специального назначения;МПК-44;;;Силовые модули на основе IGBT и FRD;;
МД/ТКИ3-75-12-34  (2М423Б2);silovoy-modul-md-tki3-75-12-34;1510;/upload/iblock/600/60006594dbad091721a7e18cac9b6fae.JPG;/upload/iblock/1ae/1aecd3d548086ce4c45eb73f83a048db.JPG;Нижний чоппер;;1200;75;Приборы специального назначения;МПК-34;;;Силовые модули на основе IGBT и FRD;;
МД/ТКИ3-75-17-34  (2М424Б2);silovoy-modul-md-tki3-75-17-34;1520;/upload/iblock/c8e/c8e35bbc647bbf4d00d8a0c6562c024e.JPG;/upload/iblock/b2a/b2a84defe5122a5441a03f66cdd8ad07.JPG;Нижний чоппер;;1700;75;Приборы специального назначения;МПК-34;;;Силовые модули на основе IGBT и FRD;;
МД/ТКИ3-100-12-34  (2М423В2);silovoy-modul-md-tki3-100-12-34;1530;/upload/iblock/2f9/2f9a70f8036d56809a185fbc7ad1f4ad.JPG;/upload/iblock/3fb/3fbeb059fac089523c7c08ae132f5c35.JPG;Нижний чоппер;;1200;100;Приборы специального назначения;МПК-34;;;Силовые модули на основе IGBT и FRD;;
МД/ТКИ3-100-17-34  (2М424В2);silovoy-modul-md-tki3-100-17-34;1540;/upload/iblock/22b/22bc1652f02701363ca94f376013481d.JPG;/upload/iblock/a82/a82e3326b75d92d978e80102eec26327.JPG;Нижний чоппер;;1700;100;Приборы специального назначения;МПК-34;;;Силовые модули на основе IGBT и FRD;;
МД/ТКИ3-200-12-62  (2М423Д4);silovoy-modul-md-tki3-200-12-62;1610;/upload/iblock/b85/b85bebc0af39e604380ef1a71038ff0c.JPG;/upload/iblock/947/947f99a0e131d0354ff06733bded4ad2.JPG;Нижний чоппер;;1200;200;Приборы специального назначения;МПК-62;;;Силовые модули на основе IGBT и FRD;;
МД/ТКИ3-200-17-62  (2М424Д4);silovoy-modul-md-tki3-200-17-62;1620;/upload/iblock/c84/c8434d0f2c804395d07fc083fee5d5be.JPG;/upload/iblock/c2f/c2f0297e867ce26ddb1c7ce8bed15198.JPG;Нижний чоппер;;1700;200;Приборы специального назначения;МПК-62;;;Силовые модули на основе IGBT и FRD;;
МД/ТКИ3-300-12-62  (2М423Е4);silovoy-modul-md-tki3-300-12-62;1630;/upload/iblock/ff0/ff0eece3e355d2821e824dee7e393e81.JPG;/upload/iblock/3c3/3c3918679a9415b4ed5673c97eafc4a6.JPG;Нижний чоппер;;1200;300;Приборы специального назначения;МПК-62;;;Силовые модули на основе IGBT и FRD;;
МД/ТКИ3-300-17-62  (2М424Е);silovoy-modul-md-tki3-300-17-62;1640;/upload/iblock/9a7/9a714288b204cb9a5e65e28003c0339e.JPG;/upload/iblock/f01/f01d77b2262f04a02d0d2a1add18bc3a.JPG;Нижний чоппер;;1700;300;Приборы специального назначения;МПК-62;;/upload/iblock/3e2/3e2a2af8ba0e32ad2d15abb8bdf2a190.pdf;Силовые модули на основе IGBT и FRD;;
МД/ТКИ3-400-12-62  (2М423Ж4);silovoy-modul-md-tki3-400-12-62;1650;/upload/iblock/3fd/3fd48b813d6fac579c5976a3bd646ff3.JPG;/upload/iblock/e67/e67e06d252d104ef928e98469a96d85c.JPG;Нижний чоппер;;1200;400;Приборы специального назначения;МПК-62;;;Силовые модули на основе IGBT и FRD;;
МД/ТКИ3-400-17-62  (2М424Ж4);silovoy-modul-md-tki3-400-17-62;1660;/upload/iblock/5c1/5c18a6c00f4c9880fc1b8f8210b9cdd2.JPG;/upload/iblock/b9a/b9a02a9f72ae462de7f331748ebcd7bd.JPG;Нижний чоппер;;1700;400;Приборы специального назначения;МПК-62;;;Силовые модули на основе IGBT и FRD;;
МД/ТКИ3-200-12-63  (2М423Д5);silovoy-modul-md-tki3-200-12-63;3110;/upload/iblock/11e/11e04bd4ed4c5acf8f5f7fab45fb7825.JPG;/upload/iblock/126/12628d474a7e1d489231a54cedce2924.png;Нижний чоппер;;1200;200;Приборы специального назначения;МПК-63;;;Силовые модули на основе IGBT и FRD;;
МД/ТКИ3-300-12-63  (2М423Е5);silovoy-modul-md-tki3-300-12-63;3120;/upload/iblock/afc/afccd3aa5fd0ab66946014f4cf8ebd4b.JPG;/upload/iblock/e91/e91373c16d714b0df9a3fdcb429ebea9.png;Нижний чоппер;;1200;300;Приборы специального назначения;МПК-63;;;Силовые модули на основе IGBT и FRD;;
МД/ТКИ3-400-12-63  (2М423Ж5);silovoy-modul-md-tki3-400-12-63;3130;/upload/iblock/90c/90c443479516e1aff1fe90b68c2992ea.JPG;/upload/iblock/38d/38d56db3bc6bed1e77274c5c420153a7.png;Нижний чоппер;;1200;400;Приборы специального назначения;МПК-63;;;Силовые модули на основе IGBT и FRD;;
МД/ТКИ3-200-17-63  (2М424Д5);silovoy-modul-md-tki3-200-17-63;3140;/upload/iblock/547/547abd0f2efc34ce29e27cd34421c749.JPG;/upload/iblock/b85/b859879ce056f7b725482e0b7c32fb23.png;Нижний чоппер;;1700;200;Приборы специального назначения;МПК-63;;;Силовые модули на основе IGBT и FRD;;
МД/ТКИ3-300-17-63  (2М424Е5);silovoy-modul-md-tki3-300-17-63;3150;/upload/iblock/8fe/8fe1a8c4466fab61eb638218abb6bb74.JPG;/upload/iblock/8d9/8d99da11e94810cebfb549a6d134a412.png;Нижний чоппер;;1700;300;Приборы специального назначения;МПК-63;;;Силовые модули на основе IGBT и FRD;;
МД/ТКИ3-400-17-63  (2М424Ж5);silovoy-modul-md-tki3-400-17-63;3160;/upload/iblock/2b2/2b28bcdfe5bd58fc5f2c41ce20453fa1.JPG;/upload/iblock/a48/a4879961a661543148065abb4a85f526.png;Нижний чоппер;;1700;400;Приборы специального назначения;МПК-63;;;Силовые модули на основе IGBT и FRD;;
МТКИ/Д3-200-12-63  (2М425Д5);silovoy-modul-mtki-d3-200-12-63;3210;/upload/iblock/cc6/cc6cf14c9dfb5f1a65817796619d0513.JPG;/upload/iblock/bab/bab14fc2c9d41e069b7f9fe015e825b8.png;Верхний чоппер;;1200;200;Приборы специального назначения;МПК-63;;;Силовые модули на основе IGBT и FRD;;
МТКИ/Д3-300-12-63  (2М425Е5);silovoy-modul-mtki-d3-300-12-63;3220;/upload/iblock/dc1/dc1cf0a9035513e1621c0ae961cbafc7.JPG;/upload/iblock/f1e/f1e51a09bc976070ceb4b7127deb2208.png;Верхний чоппер;;1200;300;Приборы специального назначения;МПК-63;;;Силовые модули на основе IGBT и FRD;;
МТКИ/Д3-400-12-63  (2М425Ж5);silovoy-modul-mtki-d3-400-12-63;3230;/upload/iblock/781/781dac7ebb3df7473e57ef2d03e0ab3c.JPG;/upload/iblock/153/15365ce63a2506c00dca858e9fe6ab12.png;Верхний чоппер;;1200;400;Приборы специального назначения;МПК-63;;;Силовые модули на основе IGBT и FRD;;
МТКИ/Д3-200-17-63  (2М426Д5);silovoy-modul-mtki-d3-200-17-63;3240;/upload/iblock/970/97050ade890b3f00ffed5fa6ba4ba3ef.JPG;/upload/iblock/c04/c04bddaca9fb3480b297a158d78c627b.png;Верхний чоппер;;1700;200;Приборы специального назначения;МПК-63;;;Силовые модули на основе IGBT и FRD;;
МТКИ/Д3-300-17-63  (2М426Е5);silovoy-modul-mtki-d3-300-17-63;3250;/upload/iblock/842/842817a0f377a727f008d44ccb18dc04.JPG;/upload/iblock/c76/c7673a12a8a0b71a44b0e8894682423c.png;Верхний чоппер;;1700;300;Приборы специального назначения;МПК-63;;;Силовые модули на основе IGBT и FRD;;
МТКИ/Д3-400-17-63  (2М426Ж5);silovoy-modul-mtki-d3-400-17-63;3260;/upload/iblock/52a/52a94c3562d20514a10d13e809651cbf.JPG;/upload/iblock/83e/83e955b53f6342c1d3cf46507b4d1a69.png;Верхний чоппер;;1700;400;Приборы специального назначения;МПК-63;;;Силовые модули на основе IGBT и FRD;;
МТКИ9-150-12-63  (2М427Г5);silovoy-modul-mtki9-150-12-63;3310;/upload/iblock/79b/79be2bab67077397b5c08396f6bdfa4c.JPG;/upload/iblock/9b5/9b5fed846bdba254861b111066be1ec1.png;Полумост;;1200;150;Приборы специального назначения;МПК-63;;;Силовые модули на основе IGBT и FRD;;
МТКИ9-200-12-63  (2М427Д5);silovoy-modul-mtki9-200-12-63;3320;/upload/iblock/526/5261270c39241ddaf0d7d03a5800f2f7.JPG;/upload/iblock/d36/d367a672d1d5e3f08027df4da04285f8.png;Полумост;;1200;200;Приборы специального назначения;МПК-63;;;Силовые модули на основе IGBT и FRD;;
МТКИ9-300-12-63  (2М427Е5);silovoy-modul-mtki9-300-12-63;3330;/upload/iblock/3cb/3cbe9875d052a8c1576a7b2aa8f830ac.JPG;/upload/iblock/7fa/7fa0f028d1aef00358361dabbcd0ac5a.png;Полумост;;1200;300;Приборы специального назначения;МПК-63;;;Силовые модули на основе IGBT и FRD;;
МТКИ9-400-12-63  (2М427Ж5);silovoy-modul-mtki9-400-12-63;3340;/upload/iblock/df1/df1d90abe218cfc0c768de352163f54e.JPG;/upload/iblock/889/88917406fd58c122edab3af72a2726d5.png;Полумост;;1200;400;Приборы специального назначения;МПК-63;;;Силовые модули на основе IGBT и FRD;;
МТКИ9-150-17-63  (2М428Г5);silovoy-modul-mtki9-150-17-63;3350;/upload/iblock/66c/66c05f907ae45ce26b097587e41356ac.JPG;/upload/iblock/e70/e7057ea7b66cc43b6bd3d825daba0a8e.png;Полумост;;1700;150;Приборы специального назначения;МПК-63;;;Силовые модули на основе IGBT и FRD;;
МТКИ9-200-17-63  (2М428Д5);silovoy-modul-mtki9-200-17-63;3360;/upload/iblock/f58/f58a7bae58c738edcc19002eae22e5c5.JPG;/upload/iblock/28e/28eca15ac0200a23c50579ea987b8778.png;Полумост;;1700;200;Приборы специального назначения;МПК-63;;;Силовые модули на основе IGBT и FRD;;
МТКИ9-300-17-63  (2М428Е5);silovoy-modul-mtki9-300-17-63;3370;/upload/iblock/c12/c12fcc58bb58056c5efe2fd8b0daf91a.JPG;/upload/iblock/01b/01b4041b3cfabae349433fee3c219e7e.png;Полумост;;1700;300;Приборы специального назначения;МПК-63;;;Силовые модули на основе IGBT и FRD;;
МТКИ9-400-17-63 (2М428Ж5);silovoy-modul-mtki9-400-17-63;3380;/upload/iblock/f35/f352de9f07d416e91446b3804bb17b64.JPG;/upload/iblock/31a/31a27047b4a3940440b5db87333da194.png;Полумост;;1700;400;Приборы специального назначения;МПК-63;;;Силовые модули на основе IGBT и FRD;;
МД1-400-17-62  (2Д539Д4);silovoy-diod-v-metallopolimernom-korpuse-mpk-62-md1-400-17-62;4100;/upload/iblock/737/73760078e97f81a5cdfc83cce7dc7576.JPG;/upload/iblock/9de/9de5df4a0a94b81b117e06202276169a.JPG;Диоды;;1700;400;Приборы специального назначения;МПК-62;Выпрямительные;;FRD диоды и диодные сборки;;
Диодная сборка в металлополимерном корпусе МПК-44 - 2Д538АС3;diodnaya-sborka-v-metallopolimernom-korpuse-mpk-44-2d538as3;4500;;;Два диода;;1200;75;Приборы специального назначения;МПК-44;Быстродействующие;;FRD диоды и диодные сборки;;
МДЧ1-75-6-25  (2Д537А1);silovoy-diod-mdch1-75-6-25;4210;/upload/iblock/141/1416f96ee1821aa16e3a185868c5eeb6.JPG;/upload/iblock/cbe/cbebd8439e88b0c2754ed058eaa7889c.JPG;Диоды;;600;75;Приборы специального назначения;МПК-25;Быстродействующие;;FRD диоды и диодные сборки;;
МДЧ1-100-6-25  (2Д537Б1);silovoy-diod-mdch1-100-6-25;4220;/upload/iblock/a09/a099348f8dfac4d5a346d9906f88321b.JPG;/upload/iblock/edb/edbad30b47e902fe95f9c966ace5053c.JPG;Диоды;;600;100;Приборы специального назначения;МПК-25;Быстродействующие;;FRD диоды и диодные сборки;;
МДЧ1-75-12-25  (2Д538А1);silovoy-diod-mdch1-75-12-25;4230;/upload/iblock/4d7/4d739f6e4999c0030a70649bd0b7e711.JPG;/upload/iblock/884/8843c2fd20a5987f9a189806fa0ac92e.JPG;Диоды;;1200;75;Приборы специального назначения;МПК-25;Быстродействующие;;FRD диоды и диодные сборки;;
МДЧ1-100-12-25  (2Д538Б1);silovoy-diod-mdch1-10012-25;4240;/upload/iblock/5d4/5d42232b32bd710a88ca5a76e2053111.JPG;/upload/iblock/2af/2afe260e38182db9d4a9815184e57a33.JPG;Диоды;;1200;100;Приборы специального назначения;МПК-25;Быстродействующие;;FRD диоды и диодные сборки;;
МДЧ1-75-17-25  (2Д539А1);silovoy-diod-mdch1-75-17-25;4250;/upload/iblock/b1f/b1faddc74c222b617f3d6c6db3d46341.JPG;/upload/iblock/d4e/d4eed72a200a574b67c9a7dc5af022a2.JPG;Диоды;;1700;75;Приборы специального назначения;МПК-25;Быстродействующие;;FRD диоды и диодные сборки;;
МДЧ1-100-17-25  (2Д539Б1);silovoy-diod-mdch1-100-17-25;4260;/upload/iblock/d42/d429fac6706ec0a5ddbd0d5c26fc5af3.JPG;/upload/iblock/d23/d238e660e329b29af6e8e9497e14187a.JPG;Диоды;;1700;100;Приборы специального назначения;МПК-25;Быстродействующие;;FRD диоды и диодные сборки;;
МДЧ2-300-6-62  (2Д537ЕС4);silovoy-diod-mdch2-300-6-62;4310;/upload/iblock/c84/c84a8daff4483cce4c29e5ffee9bca5d.JPG;/upload/iblock/2c4/2c493da975fa96f57f8d57e2e2cf2d9f.JPG;Два диода;;600;300;Приборы специального назначения;МПК-62;Быстродействующие;;FRD диоды и диодные сборки;;
МДЧ2-75-12-44  (2Д538АС3);silovoy-diod-mdch2-75-12-44;4410;/upload/iblock/34d/34dc34aa878f3df88622f49a2890d3fb.JPG;/upload/iblock/dca/dcafbc2dae87de05a31597ae8bab8753.JPG;Два диода;;1200;75;Приборы специального назначения;МПК-44;Быстродействующие;;FRD диоды и диодные сборки;;
МДЧ2-100-12-44  (2Д538БС3);silovoy-diod-mdch2-100-12-44;4420;/upload/iblock/daa/daa6b57b890e9003fe09389583782d2f.JPG;/upload/iblock/e9a/e9a8903cede0b5341ca84c8527368917.JPG;Два диода;;1200;100;Приборы специального назначения;МПК-44;Быстродействующие;;FRD диоды и диодные сборки;;
МДЧ2-75-17-44  (2Д539АС3);silovoy-diod-mdch2-75-17-44;4430;/upload/iblock/318/3189d21d470234bcd8aa68e871935649.JPG;/upload/iblock/a96/a965dbeb1b6f93cc0ef5f5ef198e5214.JPG;Два диода;;1700;75;Приборы специального назначения;МПК-44;Быстродействующие;;FRD диоды и диодные сборки;;
МДЧ2-100-17-44  (2Д539БС3);diodnaya-sborka-mdch2-100-17-44;4440;/upload/iblock/9fd/9fde394ee4eae2c2d2b032a48f41f6c3.JPG;/upload/iblock/4d3/4d39563eb699d0ec573f1ae5fb015902.JPG;Два диода;;1700;100;Приборы специального назначения;МПК-44;Быстродействующие;;FRD диоды и диодные сборки;;
2Д2946АС;diodnye-moduli-2d2946as;4510;/upload/iblock/62d/62d37dba6f5a02f4c65dfa78041081dd.GIF;/upload/iblock/568/56806ff9e4fd37db106b081275ba2394.GIF;Однофазные мосты;;600;30;Приборы специального назначения;2Д2946АС;Выпрямительные;;FRD диоды и диодные сборки;;
2Д2947АС;diodnye-moduli-2d2947as;4520;/upload/iblock/1bb/1bb767249e1d333550ee51dec20d19a9.GIF;/upload/iblock/931/93198aee0436123e46492a708a94f1e5.GIF;Трехфазный мост;;1000;30;Приборы специального назначения;2Д2947АС;Выпрямительные;;FRD диоды и диодные сборки;;
МДЧ2-30-6-25  (2Д537ВС1);diodnaya-sborka-mdch2-30-6-25;4610;/upload/iblock/753/75315a4ecdcd7b9d6bcb5cf91c3a6296.JPG;/upload/iblock/7c4/7c43d7e06aefcad05fb93ae81efa4e1d.JPG;Два диода;;600;30;Приборы специального назначения;МПК-25;Быстродействующие;;FRD диоды и диодные сборки;;
МДЧ2-30-12-25  (2Д538ВС1);diodnaya-sborka-mdch2-30-12-25;4620;/upload/iblock/423/423f9b70694d2275f18fe90d26d6696f.JPG;/upload/iblock/455/45584c35486f00a0b807d47169c1293e.JPG;Два диода;;1200;30;Приборы специального назначения;МПК-25;Быстродействующие;;FRD диоды и диодные сборки;;
МДЧ2-30-17-25  (2Д539ВС1);diodnaya-sborka-mdch2-30-17-25;4630;/upload/iblock/703/7038080464e6deff32a2a93c713d6110.JPG;/upload/iblock/270/270c04f3f03446c313a83d0fbd93f1b1.JPG;Два диода;;1700;30;Приборы специального назначения;МПК-25;Быстродействующие;;FRD диоды и диодные сборки;;
МДЧ2-50-6-25  (2Д537ГС);diodnaya-sborka-mdch2-50-6-25;4710;/upload/iblock/ce4/ce4423fc53deb0dac60a9ce6618a8b74.JPG;/upload/iblock/b12/b12cd05092b8fddef235dd6db0a20de0.JPG;Два диода;;600;50;Приборы специального назначения;МПК-25;Быстродействующие;;FRD диоды и диодные сборки;;
МДЧ2-50-12-25  (2Д538ГС1);diodnaya-sborka-mdch2-50-12-25;4720;/upload/iblock/f50/f50af39c0d53e347122ad0ddc97ceb0d.JPG;/upload/iblock/bde/bde9383d9389304699c728dbc2d5b751.JPG;Два диода;;1200;50;Приборы специального назначения;МПК-25;Быстродействующие;;FRD диоды и диодные сборки;;
МДЧ2-50-17-25  (2Д539ГС1);diodnaya-sborka-mdch2-50-17-25;4730;/upload/iblock/1e8/1e8f42972457371629dc26633d49fb61.JPG;/upload/iblock/0e9/0e9d58d1b36f568033b52930586f3d68.JPG;Два диода;;1700;50;Приборы специального назначения;МПК-25;Быстродействующие;;FRD диоды и диодные сборки;;
МДЧ2-75-6-25  (2Д537АС1);diodnaya-sborka-mdch2-75-6-25;4810;/upload/iblock/c58/c586089cca0b7e14ad119ce10e1fd30c.JPG;/upload/iblock/275/275714b89265e7e3b679b2fd43a0540b.JPG;Два диода;;600;75;Приборы специального назначения;МПК-25;Быстродействующие;;FRD диоды и диодные сборки;;
МДЧ2-100-6-25  (2Д537БС1);diodnaya-sborka-mdch2-100-6-25;4820;/upload/iblock/310/310e411a247b27cc0849974331172f36.JPG;/upload/iblock/6c4/6c4ee42f87dc27f82505ab58b4fc3d45.JPG;Два диода;;600;100;Приборы специального назначения;МПК-25;Быстродействующие;;FRD диоды и диодные сборки;;
М10-75-12-44;silovoy-diod-m10-75-12-44;1100;/upload/iblock/932/932c50cc82c4a5c8bacbeaf484042988.GIF;/upload/iblock/405/405787188267b5b4e0c360c789993965.JPG;Однофазные мосты;;1200;75;Приборы общего назначения;МПК-44;Выпрямительные;;FRD диоды и диодные сборки;;
М10-100-12-44;silovoy-diod-m10-100-12-44;1110;/upload/iblock/08f/08f3e7b940f0f1ac65c2ab658fab200c.GIF;/upload/iblock/b6d/b6d2eb5c2cee1421347dba2aff8d597d.JPG;Однофазные мосты;;1200;100;Приборы общего назначения;МПК-44;Выпрямительные;;FRD диоды и диодные сборки;;
М10-200-12-62;silovoy-diod-m10-200-12-62;1120;/upload/iblock/cb6/cb61e684084ffb1bdb6ca723a57b1949.JPG;/upload/iblock/2ef/2ef0e4d063adb5ba2af61bdbd47fc62d.JPG;Однофазные мосты;;1200;200;Приборы общего назначения;МПК-62;Выпрямительные;;FRD диоды и диодные сборки;;
М13-75-12-44;silovoy-diod-m13-75-12-44;1200;/upload/iblock/080/080a57532c3407e5c34d3db74d1623aa.GIF;/upload/iblock/509/50908f2528714c7a79841177ed22f51b.JPG;Трехфазные мосты;;1200;75;Приборы общего назначения;МПК-44;Выпрямительные;;FRD диоды и диодные сборки;;
М13-75-17-44;silovoy-diod-m13-75-17-44;1210;/upload/iblock/744/744ee627795a478f3a689885c443d866.GIF;/upload/iblock/4cd/4cd9c75f645f8afe3953a9684d4ece95.JPG;Трехфазные мосты;;1700;75;Приборы общего назначения;МПК-44;Выпрямительные;;FRD диоды и диодные сборки;;
М13-75-17-44;diodnaya-sborka-m13-75-17-44;1210;/upload/iblock/e57/e57f35f4e2f8dfcaea7261c3b6aa4c5d.GIF;/upload/iblock/d07/d072b6a6413cc36bd53b5771cd4919be.JPG;Трехфазные мосты;;1700;75;Приборы общего назначения;МПК-44;Выпрямительные;;FRD диоды и диодные сборки;;
М13-200-12-62;diodnaya-sborka-m13-200-12-62;1220;/upload/iblock/a06/a061cf819bcb8c7ae036e83e5ff09a93.JPG;/upload/iblock/fbd/fbd32d54ea1e5c186645ad70a17b5a65.JPG;Трехфазные мосты;;1200;200;Приборы общего назначения;МПК-62;Выпрямительные;;FRD диоды и диодные сборки;;
М13-200-17-62;diodnaya-sborka-m13-200-17-62;1230;/upload/iblock/be0/be0a863ebccd4753b0ab21983c079159.JPG;/upload/iblock/b38/b38e126672b638a40a98cebd48e3d59e.JPG;Трехфазные мосты;;1700;200;Приборы общего назначения;МПК-62;Выпрямительные;;FRD диоды и диодные сборки;;
М10-25-8;diodnaya-sborka-m10-25-8;2110;/upload/iblock/8ca/8ca2d16b76235aae2fda845240296a31.GIF;/upload/iblock/4c2/4c2ff7b4060edc7fda402157404964d0.jpg;Однофазные мосты;;800;4х25;Приборы общего назначения;SOT227;Выпрямительные;;FRD диоды и диодные сборки;;
М10-25-8;diodnaya-sborka-m10-25-8;2110;/upload/iblock/8ca/8ca2d16b76235aae2fda845240296a31.GIF;/upload/iblock/cfe/cfe26b7bb7cd9f913650116e6e3eb8f0.gif;Однофазные мосты;;800;4х25;Приборы общего назначения;SOT227;Выпрямительные;;FRD диоды и диодные сборки;;
М10-25-10;diodnaya-sborka-m10-25-10;2120;/upload/iblock/c03/c039a40e0edd1f08266817808652e493.GIF;/upload/iblock/4f7/4f77d93e2cc01fc92e384ded830a0351.jpg;Однофазные мосты;;1000;4х25;Приборы общего назначения;SOT227;Выпрямительные;;FRD диоды и диодные сборки;;
М10-25-10;diodnaya-sborka-m10-25-10;2120;/upload/iblock/c03/c039a40e0edd1f08266817808652e493.GIF;/upload/iblock/129/1290a803d67b001e007027c4c95bca12.gif;Однофазные мосты;;1000;4х25;Приборы общего назначения;SOT227;Выпрямительные;;FRD диоды и диодные сборки;;
М10-25-12;diodnaya-sborka-m10-25-12;2130;/upload/iblock/045/04599e16252f007832b9df97004774dd.GIF;/upload/iblock/174/174b462309b66b3a86e36c91d7b28982.jpg;Однофазные мосты;;1200;4х25;Приборы общего назначения;SOT227;Выпрямительные;;FRD диоды и диодные сборки;;
М10-25-12;diodnaya-sborka-m10-25-12;2130;/upload/iblock/045/04599e16252f007832b9df97004774dd.GIF;/upload/iblock/a54/a547b7227d865f1fa19166c284ee5892.gif;Однофазные мосты;;1200;4х25;Приборы общего назначения;SOT227;Выпрямительные;;FRD диоды и диодные сборки;;
МД2-40-8;diodnaya-sborka-md2-40-8;2210;/upload/iblock/6ff/6ff55551166c008646d6340b312f693f.GIF;/upload/iblock/a71/a718ae6af7fd0446c43f202c2038f003.jpg;Два диода;;800;2х40;Приборы общего назначения;SOT227;Выпрямительные;;FRD диоды и диодные сборки;;
МД2-40-8;diodnaya-sborka-md2-40-8;2210;/upload/iblock/6ff/6ff55551166c008646d6340b312f693f.GIF;/upload/iblock/961/9610083da9dab2c4c2a3486b971d1d3a.gif;Два диода;;800;2х40;Приборы общего назначения;SOT227;Выпрямительные;;FRD диоды и диодные сборки;;
МД2-40-10;diodnaya-sborka-md2-40-10;2220;/upload/iblock/b79/b796fac163b3f69bddcbf331fd10b61a.GIF;/upload/iblock/b37/b37a5117c5ee597c94062d3c8f3d85e3.jpg;Два диода;;1000;2х40;Приборы общего назначения;SOT227;Выпрямительные;;FRD диоды и диодные сборки;;
МД2-40-10;diodnaya-sborka-md2-40-10;2220;/upload/iblock/b79/b796fac163b3f69bddcbf331fd10b61a.GIF;/upload/iblock/a3e/a3e36ab57c9e7e608c7471cec625e7a1.gif;Два диода;;1000;2х40;Приборы общего назначения;SOT227;Выпрямительные;;FRD диоды и диодные сборки;;
МД2-40-12;diodnaya-sborka-md2-40-12;2230;/upload/iblock/d90/d901002c2d8e041ea52883762565271b.GIF;/upload/iblock/79b/79b630fe7eb0d9cd030d961a26b54041.jpg;Два диода;;1200;2х40;Приборы общего назначения;SOT227;Выпрямительные;;FRD диоды и диодные сборки;;
МД2-40-12;diodnaya-sborka-md2-40-12;2230;/upload/iblock/d90/d901002c2d8e041ea52883762565271b.GIF;/upload/iblock/e8f/e8f508f65fd83e6c24031a6ead39a86d.gif;Два диода;;1200;2х40;Приборы общего назначения;SOT227;Выпрямительные;;FRD диоды и диодные сборки;;
МД2-63-6;diodnaya-sborka-md2-63-6;2240;/upload/iblock/072/072ea5b266ff72a1f07afb804a9e453d.GIF;/upload/iblock/1e3/1e389e6196389ea30437483b188a678c.jpg;Два диода;;600;2х63;Приборы общего назначения;SOT227;Выпрямительные;;FRD диоды и диодные сборки;;
МД2-63-6;diodnaya-sborka-md2-63-6;2240;/upload/iblock/072/072ea5b266ff72a1f07afb804a9e453d.GIF;/upload/iblock/4c8/4c8822d57b496a939a9a4430072b9610.gif;Два диода;;600;2х63;Приборы общего назначения;SOT227;Выпрямительные;;FRD диоды и диодные сборки;;
МД2-63-8;diodnaya-sborka-md2-63-8;2250;/upload/iblock/e41/e419138a74d187556ebf94d3ddb6dac8.GIF;/upload/iblock/8e3/8e3d6c2573bde1d736e2272394a2bdc2.jpg;Два диода;;800;2х63;Приборы общего назначения;SOT227;Выпрямительные;;FRD диоды и диодные сборки;;
МД2-63-8;diodnaya-sborka-md2-63-8;2250;/upload/iblock/e41/e419138a74d187556ebf94d3ddb6dac8.GIF;/upload/iblock/1c7/1c79c3c889920b2af5dea053e3c38e4d.gif;Два диода;;800;2х63;Приборы общего назначения;SOT227;Выпрямительные;;FRD диоды и диодные сборки;;
МДЧ2-40-8;diodnaya-sborka-mdch2-40-8;2310;/upload/iblock/aaf/aafc69afc01201f7b02fc5ce79058cfd.GIF;/upload/iblock/62b/62b3a076076918992785daeb95310c60.jpg;Два диода;;800;2х40;Приборы общего назначения;SOT227;Быстродействующие;;FRD диоды и диодные сборки;;
МДЧ2-40-8;diodnaya-sborka-mdch2-40-8;2310;/upload/iblock/aaf/aafc69afc01201f7b02fc5ce79058cfd.GIF;/upload/iblock/b79/b7935c4c541ff284eebca71d25c05740.gif;Два диода;;800;2х40;Приборы общего назначения;SOT227;Быстродействующие;;FRD диоды и диодные сборки;;
МДЧ2-40-10;diodnaya-sborka-mdch2-40-10;2320;/upload/iblock/65c/65c896d76c42f3840a0b3ea58dd04628.GIF;/upload/iblock/dc0/dc0e5ab2f2258fe06df526d55ca2affd.jpg;Два диода;;1000;2х40;Приборы общего назначения;SOT227;Быстродействующие;;FRD диоды и диодные сборки;;
МДЧ2-40-10;diodnaya-sborka-mdch2-40-10;2320;/upload/iblock/65c/65c896d76c42f3840a0b3ea58dd04628.GIF;/upload/iblock/533/533fd755b2c5b13928bd2e484dcdeeba.gif;Два диода;;1000;2х40;Приборы общего назначения;SOT227;Быстродействующие;;FRD диоды и диодные сборки;;
МДЧ2-40-12;diodnaya-sborka-mdch2-40-12;2330;/upload/iblock/1d7/1d74af42ba71ffafb4ae75b3f7943cf6.GIF;/upload/iblock/c95/c950a945e422460acafa3fc0887b899e.jpg;Два диода;;1200;2х40;Приборы общего назначения;SOT227;Быстродействующие;;FRD диоды и диодные сборки;;
МДЧ2-40-12;diodnaya-sborka-mdch2-40-12;2330;/upload/iblock/1d7/1d74af42ba71ffafb4ae75b3f7943cf6.GIF;/upload/iblock/cf6/cf60d43fe05985280eee7d4bee264354.gif;Два диода;;1200;2х40;Приборы общего назначения;SOT227;Быстродействующие;;FRD диоды и диодные сборки;;
МДЧ2-63-8;diodnaya-sborka-mdch2-63-8;2340;/upload/iblock/b66/b66a5b9c69006ffecbdc94c606b1be11.GIF;/upload/iblock/aba/aba0828224bc154920e24949861247cb.jpg;Два диода;;800;2х63;Приборы общего назначения;SOT227;Быстродействующие;;FRD диоды и диодные сборки;;
МДЧ2-63-8;diodnaya-sborka-mdch2-63-8;2340;/upload/iblock/b66/b66a5b9c69006ffecbdc94c606b1be11.GIF;/upload/iblock/324/3244dacc7d2df5fbd00d7fffd8462110.gif;Два диода;;800;2х63;Приборы общего назначения;SOT227;Быстродействующие;;FRD диоды и диодные сборки;;
МДЧ2-63-10;diodnaya-sborka-mdch2-63-10;2350;/upload/iblock/5b5/5b50d7e1bc23d57cbb301c41e3f06242.GIF;/upload/iblock/ec8/ec8eca51fee489aa5138876c2dcad56c.jpg;Два диода;;1000;2х63;Приборы общего назначения;SOT227;Быстродействующие;;FRD диоды и диодные сборки;;
МДЧ2-63-10;diodnaya-sborka-mdch2-63-10;2350;/upload/iblock/5b5/5b50d7e1bc23d57cbb301c41e3f06242.GIF;/upload/iblock/507/507913b1380b6331403efb8b96a27ef7.gif;Два диода;;1000;2х63;Приборы общего назначения;SOT227;Быстродействующие;;FRD диоды и диодные сборки;;
МДЧ2-63-12;diodnaya-sborka-mdch2-63-12;2360;/upload/iblock/a47/a47e176f4e82f86e3ba85127c1de34d7.GIF;/upload/iblock/e18/e1886a068e3deabb7f68c09caedf1de2.jpg;Два диода;;1200;2х63;Приборы общего назначения;SOT227;Быстродействующие;;FRD диоды и диодные сборки;;
МДЧ2-63-12;diodnaya-sborka-mdch2-63-12;2360;/upload/iblock/a47/a47e176f4e82f86e3ba85127c1de34d7.GIF;/upload/iblock/3ac/3acc6d97ad020d18adf86183f6b17b21.gif;Два диода;;1200;2х63;Приборы общего назначения;SOT227;Быстродействующие;;FRD диоды и диодные сборки;;
МПДЧ4-100-6-Р5;diodnaya-sborka-mpdch4-100-6-r5;2410;/upload/iblock/3ee/3eeba144785bc1f716258c2cbfc16bd1.GIF;/upload/iblock/037/03753863b9771f4247784833caee5d5a.gif;Два диода с общим катодом;;600;100;Приборы общего назначения;SOT227;Быстродействующие;;FRD диоды и диодные сборки;;
МДЧ4-100-6-Р5;diodnaya-sborka-mdch4-100-6-r5;2420;/upload/iblock/b8e/b8e3fa21e78695cf53bf2d18853fc64d.GIF;/upload/iblock/080/08062745591afcfb0cf3c948ffffa3b4.gif;Два диода с общим катодом;;600;100;Приборы общего назначения;SOT227;Быстродействующие;;FRD диоды и диодные сборки;;
МД1-100-8;diod-md1-100-8;3110;/upload/iblock/53a/53a52e9548585b2a746f0ed126c5ea73.GIF;/upload/iblock/372/37224aeccf89762481b8a8e7d48727b5.gif;Диоды;;800;100;Приборы общего назначения;SOT227;Выпрямительные;;FRD диоды и диодные сборки;;
МД1-100-10;diod-md1-100-10;3120;/upload/iblock/492/4926b5363f8d0792112c0940d91da9e6.GIF;/upload/iblock/bf1/bf19df7f91d2bd0a07acf3b041f86f4e.gif;Диоды;;1000;100;Приборы общего назначения;SOT227;Выпрямительные;;FRD диоды и диодные сборки;;
МД1-100-12;diod-md1-100-12;3130;/upload/iblock/f2d/f2d0270d69a97f60b2b5d75146dc2d7f.GIF;/upload/iblock/1ff/1ffcad31f45c0be70879f2838af0587f.gif;Диоды;;1200;100;Приборы общего назначения;SOT227;Выпрямительные;;FRD диоды и диодные сборки;;
МД1-100-14;diod-md1-100-14;3140;/upload/iblock/dc4/dc4052c5f3b782f11235d7f9bfa72b8a.GIF;/upload/iblock/348/3488859a6fed9aaa05c8083c33e1f651.gif;Диоды;;1400;100;Приборы общего назначения;SOT227;Выпрямительные;;FRD диоды и диодные сборки;;
МД1-100-16;diod-md1-100-16;3150;;/upload/iblock/602/60257246532dfb19915ddcfb9b7c4600.gif;Диоды;;1600;100;Приборы общего назначения;SOT227;Выпрямительные;;FRD диоды и диодные сборки;;
МД1-120-4;diod-md1-120-4;3210;/upload/iblock/baf/bafe0845462e5da39258bcc1edf267fc.GIF;/upload/iblock/958/958dc8879b9ef14c9a813aa065873b3e.gif;Диоды;;400;120;Приборы общего назначения;SOT227;Выпрямительные;;FRD диоды и диодные сборки;;
МД1-120-6;diod-md1-120-6;3220;/upload/iblock/862/862c70b517ee79bec0f8c928893800f8.GIF;/upload/iblock/275/2756a289580ed9ffe4142ea8c8a16d7f.gif;Диоды;;600;120;Приборы общего назначения;SOT227;Выпрямительные;;FRD диоды и диодные сборки;;
МД1-120-8;diod-md1-120-8;3230;/upload/iblock/dc3/dc3e4714a0ceacf44c012169cf5df4a3.GIF;/upload/iblock/36e/36e99d959e00fcfad702efcba2530e1f.gif;Диоды;;800;120;Приборы общего назначения;SOT227;Выпрямительные;;FRD диоды и диодные сборки;;
МТ/Д3-40-8 ;silovoy-tiristor-v-metallopolimernom-korpuse-sot-227-mt-d3-40-8-;110;/upload/iblock/c67/c6748ab371552b2cc96b36270b70fa30.GIF;/upload/iblock/a21/a21a3eda5b7f1955483e8c9e5330d302.jpg;Тиристор-диод;;800;40;Приборы общего назначения;SOT227;;;Тиристоры и диодно-тиристорные сборки;;
МТ/Д3-40-8 ;silovoy-tiristor-v-metallopolimernom-korpuse-sot-227-mt-d3-40-8-;110;/upload/iblock/c67/c6748ab371552b2cc96b36270b70fa30.GIF;/upload/iblock/f8e/f8e1e18fdb956b56b72e6d6deca31a24.gif;Тиристор-диод;;800;40;Приборы общего назначения;SOT227;;;Тиристоры и диодно-тиристорные сборки;;
МТ/Д3-40-10;silovoy-tiristor-v-korpuse-sot-227-mt-d3-40-10;120;/upload/iblock/ad3/ad314f59e2337b04b1fd6d34e687557b.GIF;/upload/iblock/3e5/3e515f2b8c8195f55383c9d57fff2182.jpg;Тиристор-диод;;1000;40;Приборы общего назначения;SOT227;;;Тиристоры и диодно-тиристорные сборки;;
МТ/Д3-40-10;silovoy-tiristor-v-korpuse-sot-227-mt-d3-40-10;120;/upload/iblock/ad3/ad314f59e2337b04b1fd6d34e687557b.GIF;/upload/iblock/6bc/6bcfbae32a307f9d33e6fcbfefcbcdb9.gif;Тиристор-диод;;1000;40;Приборы общего назначения;SOT227;;;Тиристоры и диодно-тиристорные сборки;;
МТ/Д3-40-12;diodno-tiristornaya-sborka-mt-d3-40-12;130;/upload/iblock/b0f/b0f57aca13756a6417a7a8d9827ed454.GIF;/upload/iblock/719/719d627d1d868adc3e6aed5a2025fae8.jpg;Тиристор-диод;;1200;40;Приборы общего назначения;SOT227;;;Тиристоры и диодно-тиристорные сборки;;
МТ/Д3-40-12;diodno-tiristornaya-sborka-mt-d3-40-12;130;/upload/iblock/b0f/b0f57aca13756a6417a7a8d9827ed454.GIF;/upload/iblock/7c0/7c0ddb6d420196a027eefddd5595da15.gif;Тиристор-диод;;1200;40;Приборы общего назначения;SOT227;;;Тиристоры и диодно-тиристорные сборки;;
МТ6-40-8 ;tiristornaya-sborka-mt6-40-8-;210;/upload/iblock/890/890a0f677239ab7fc7fb879b0791ba1b.GIF;/upload/iblock/676/676687260aafcbca2b4481131de32164.jpg;Два тиристора;;800;40;Приборы общего назначения;SOT227;;;Тиристоры и диодно-тиристорные сборки;;
МТ6-40-8 ;tiristornaya-sborka-mt6-40-8-;210;/upload/iblock/890/890a0f677239ab7fc7fb879b0791ba1b.GIF;/upload/iblock/c2e/c2ef0c0f2364215a854c3e4b398000ae.gif;Два тиристора;;800;40;Приборы общего назначения;SOT227;;;Тиристоры и диодно-тиристорные сборки;;
МТ6-40-10;tiristornaya-sborka-mt6-40-10;220;/upload/iblock/518/5186eec6623082f34605c556ecefa6f5.GIF;/upload/iblock/b31/b31b3f25b5ae2ed7015b629c2dd796be.jpg;Два тиристора;;1000;40;Приборы общего назначения;SOT227;;;Тиристоры и диодно-тиристорные сборки;;
МТ6-40-10;tiristornaya-sborka-mt6-40-10;220;/upload/iblock/518/5186eec6623082f34605c556ecefa6f5.GIF;/upload/iblock/28e/28e7baf0457074df88b83a3befaadca2.gif;Два тиристора;;1000;40;Приборы общего назначения;SOT227;;;Тиристоры и диодно-тиристорные сборки;;
МТ6-40-12;tiristornaya-sborka-mt6-40-12;230;/upload/iblock/967/9673055e9e2aed47a9267b5eb8894dff.GIF;/upload/iblock/e3f/e3f7f29550656b283f8bde37d708024d.jpg;Два тиристора;;1200;40;Приборы общего назначения;SOT227;;;Тиристоры и диодно-тиристорные сборки;;
МТ6-40-12;tiristornaya-sborka-mt6-40-12;230;/upload/iblock/967/9673055e9e2aed47a9267b5eb8894dff.GIF;/upload/iblock/0e3/0e32be7f18428bb2450f6147ed6db58a.gif;Два тиристора;;1200;40;Приборы общего назначения;SOT227;;;Тиристоры и диодно-тиристорные сборки;;
МТ1-100-8 ;tiristor-mt1-100-8-;310;/upload/iblock/4f0/4f0ef79a22232183053be8e78f093521.GIF;/upload/iblock/eb9/eb914956e5b6195ea9c3374da0460969.gif;Тиристоры;;800;100;Приборы общего назначения;SOT227;;;Тиристоры и диодно-тиристорные сборки;;
МТ1-100-10;tiristor-mt1-100-10;320;/upload/iblock/b07/b0767b7323a924524989e9a6b4b09813.GIF;/upload/iblock/fe0/fe0e6a973f7c6ba8f85b7c2456f6a772.gif;Тиристоры;;1000;100;Приборы общего назначения;SOT227;;;Тиристоры и диодно-тиристорные сборки;;
МТ1-100-12;tiristor-mt1-100-12;330;/upload/iblock/d6c/d6cac74652271e5f2eafff1312b4d75a.GIF;/upload/iblock/dd3/dd37d66df14dc9c83aa32d1c34ae2b82.gif;Тиристоры;;1200;100;Приборы общего назначения;SOT227;;;Тиристоры и диодно-тиристорные сборки;;
МТ1-40-8 ;tiristor-mt1-40-8-;410;/upload/iblock/781/78126fa5754efa234d67d74e08077293.GIF;/upload/iblock/5c6/5c697736efc9c328de5d39c24f68a1f6.jpg;Тиристоры;;800;40;Приборы общего назначения;SOT227;;;Тиристоры и диодно-тиристорные сборки;;
МТ1-40-8 ;tiristor-mt1-40-8-;410;/upload/iblock/781/78126fa5754efa234d67d74e08077293.GIF;/upload/iblock/efa/efa75a9d837cec274e4d63034104f5a6.gif;Тиристоры;;800;40;Приборы общего назначения;SOT227;;;Тиристоры и диодно-тиристорные сборки;;
МТ1-40-10;tiristor-mt1-40-10;420;/upload/iblock/49f/49fc1def596721a9c58589b2af57134d.GIF;/upload/iblock/00e/00e1853e06afe23a22d17665879d2c08.jpg;Тиристоры;;1000;40;Приборы общего назначения;SOT227;;;Тиристоры и диодно-тиристорные сборки;;
МТ1-40-10;tiristor-mt1-40-10;420;/upload/iblock/49f/49fc1def596721a9c58589b2af57134d.GIF;/upload/iblock/6c9/6c9314048201297afb38183c393a3e89.gif;Тиристоры;;1000;40;Приборы общего назначения;SOT227;;;Тиристоры и диодно-тиристорные сборки;;
МТ1-40-12;tiristor-mt1-40-12;430;/upload/iblock/c54/c54660daa3dbb5ed8db59144feecf00d.GIF;/upload/iblock/14f/14f95e2ce019001f48644944ec2e910c.jpg;Тиристоры;;1200;40;Приборы общего назначения;SOT227;;;Тиристоры и диодно-тиристорные сборки;;
МТ1-40-12;tiristor-mt1-40-12;430;/upload/iblock/c54/c54660daa3dbb5ed8db59144feecf00d.GIF;/upload/iblock/5e9/5e9816666b95ebfcd5fe8bd3cd4869b0.gif;Тиристоры;;1200;40;Приборы общего назначения;SOT227;;;Тиристоры и диодно-тиристорные сборки;;
МД 17-9-1;moduli-poluprovodnikovye-silovye-md-17-9-1;500;/upload/iblock/7b0/7b0a13b2c2acd74ebd2dcb45a54f0c64.GIF;/upload/iblock/d42/d429e34dbfc8328c5b651e41ec3acc8d.GIF;МД17-9-1;;;;Приборы общего назначения;МД17-9-1;;;Автоэлектроника;;
МКМК-100-12;mkmk-100-12;100;/upload/iblock/129/129b6e1786afb27bf7c03965f1c64344.JPG;/upload/iblock/45e/45e6d8ceeb2059843607e1b144523eea.JPG;Одиночный ключ;;1200;100;Приборы общего назначения;МПК-25;;;Силовые модули  и диодные сборки на основе SiC;;
МКМЧВ-100-12;mkmvch-100-12;200;/upload/iblock/b84/b8410fcede2793e86bfba7d266f93697.JPG;/upload/iblock/3a5/3a556df4c48418735df77195e78bc308.JPG;Верхний чоппер;;1200;100;Приборы общего назначения;МПК-44;;;Силовые модули  и диодные сборки на основе SiC;;
МКМЧН-100-12;mkmchn-100-12;300;/upload/iblock/111/111ebb20e35d6371e7ed9a364bdc69ba.JPG;/upload/iblock/072/0726ce43e27629813be0fe163f37d47b.JPG;Нижний чоппер;;1200;100;Приборы общего назначения;МПК-44;;;Силовые модули  и диодные сборки на основе SiC;;
МКМП-100-12;mkmp-100-12;400;/upload/iblock/2ca/2ca3144c1c354011dae7783a645e72f2.JPG;/upload/iblock/79b/79bc97cdbb15516432fb8c94c8e47b0a.JPG;Полумост;;1200;100;Приборы общего назначения;МПК-44;;;Силовые модули  и диодные сборки на основе SiC;;
МКД2-50-06;mkd2-50-06;500;/upload/iblock/908/908e08f76bdcc82a4eaaa63b1e90c05a.JPG;/upload/iblock/1be/1be065f7170ce87cac07c09a54717521.JPG;Два диода;;600;50;Приборы общего назначения;МПК-25;;;Силовые модули  и диодные сборки на основе SiC;;
МКД2-100-06;mkd2-100-06;600;/upload/iblock/b8a/b8adf0f28fb5fbeb9539d01efd2cfd5b.JPG;/upload/iblock/2ed/2edae68a136893f73c8f61cecbc03c36.JPG;Два диода;;600;100;Приборы общего назначения;МПК-25;;;Силовые модули  и диодные сборки на основе SiC;;
МКД2-50-12;mkd2-50-12;700;/upload/iblock/3e6/3e601a776c0e450d33f28181b7b3d767.JPG;/upload/iblock/a51/a515ede76fec95708c80f627031cfa20.JPG;Два диода;;1200;50;Приборы общего назначения;МПК-25;;;Силовые модули  и диодные сборки на основе SiC;;
МКД2-100-12;mkd2-100-12;800;/upload/iblock/d37/d37a4377678848bec25a4c86230f3080.JPG;/upload/iblock/930/93007341fbfb2c828887e906f4a62370.JPG;Два диода;;1200;100;Приборы общего назначения;МПК-25;;;Силовые модули  и диодные сборки на основе SiC;;
МКД2-50-17;mkd2-50-17;900;/upload/iblock/c7a/c7a1a5e202b800826afc45387bb8d16d.JPG;/upload/iblock/62a/62a3f7e4ec13e85dca64757ebd1adc5c.JPG;Два диода;;1200;100;Приборы общего назначения;МПК-25;;;Силовые модули  и диодные сборки на основе SiC;;
МКД2-100-17;mkd2-100-17;1000;/upload/iblock/4fc/4fcfc9194292f098d4d8d80f70102e28.JPG;/upload/iblock/eeb/eeb2ef241aba7ae947e778716cd428fe.JPG;Два диода;;1200;100;Приборы общего назначения;МПК-25;;;Силовые модули  и диодные сборки на основе SiC;;
МКД4-50-06;mkd4-50-06;1100;/upload/iblock/e41/e41f895faf27aa7117a582e8ded25919.GIF;/upload/iblock/7e2/7e2327d7acc4baf2e6a8577952bf1d14.JPG;Однофазные мосты;;600;50;Приборы общего назначения;МПК-25;;;Силовые модули  и диодные сборки на основе SiC;;
МКД4-100-06;mkd4-100-06;1200;/upload/iblock/856/856953eb501a3f4618981a5575573526.GIF;/upload/iblock/2f2/2f229b25b465f07d29191b193ce7835d.JPG;Однофазные мосты;;600;100;Приборы общего назначения;МПК-25;;;Силовые модули  и диодные сборки на основе SiC;;
МКД4-50-12;mkd4-50-12;1300;/upload/iblock/339/339372f90e7f847428c47fd399d7e2fa.GIF;/upload/iblock/af5/af5e3cea11dc790ef1017a2690ea821c.JPG;Однофазные мосты;;1200;50;Приборы общего назначения;МПК-25;;;Силовые модули  и диодные сборки на основе SiC;;
МКД4-100-12;mkd4-100-12;1400;/upload/iblock/580/5807a315c63b4bcb9a72a22ae7950c1c.GIF;/upload/iblock/407/407b1c80adecbfc8009a3b3ba80017d9.JPG;Однофазные мосты;;1200;100;Приборы общего назначения;МПК-25;;;Силовые модули  и диодные сборки на основе SiC;;
МКД4-50-17;mkd4-50-17;1500;/upload/iblock/1f8/1f871bdc8e62e9bfefb5308ae31c2a80.GIF;/upload/iblock/34f/34fe1759a7ba33539f43bb9a301e1b69.JPG;Однофазные мосты;;1700;50;Приборы общего назначения;МПК-25;;;Силовые модули  и диодные сборки на основе SiC;;
МКД4-100-17;mkd4-100-17;1600;/upload/iblock/70a/70a6900b5901dc49f176b45bcf60bd6b.GIF;/upload/iblock/4ea/4eaddbd929716fbe53d19eb66afd01f1.JPG;Однофазные мосты;;1700;100;Приборы общего назначения;МПК-25;;;Силовые модули  и диодные сборки на основе SiC;;
МКД6-50-06;mkd6-50-06;2000;/upload/iblock/e3c/e3c3b7caf1dc196278f9ad2b34575e90.GIF;/upload/iblock/7f6/7f627dcdc6e9c5cd05718e0a73fd7422.JPG;Трехфазные мосты;;600;50;Приборы общего назначения;МПК-44;;;Силовые модули  и диодные сборки на основе SiC;;
МКД6-100-06;mkd6-100-06;2100;/upload/iblock/e90/e907010ef1c15ae7a06354f13b90d1db.GIF;/upload/iblock/120/120972aa9026fef4059bb0b43dbc42a1.JPG;Трехфазные мосты;;600;100;Приборы общего назначения;МПК-44;;;Силовые модули  и диодные сборки на основе SiC;;
МКД6-50-12;mkd6-50-12;2200;/upload/iblock/56c/56c809fd78878923665b1c42c69a80e5.GIF;/upload/iblock/ba6/ba615a51b8aaf899b75711944460fc4d.JPG;Трехфазные мосты;;1200;50;Приборы общего назначения;МПК-44;;;Силовые модули  и диодные сборки на основе SiC;;
МКД6-100-12;mkd6-100-12;2300;/upload/iblock/ac9/ac92bf6f214664f0a5698fc690fb9676.GIF;/upload/iblock/d00/d00c4ab749161dfed9a6b2d3806f14fd.JPG;Трехфазные мосты;;1200;100;Приборы общего назначения;МПК-44;;;Силовые модули  и диодные сборки на основе SiC;;
МКД6-50-17;mkd6-50-17;2400;/upload/iblock/995/9958a2d9d1cf0e2eecb8a8daabee77e6.GIF;/upload/iblock/950/95018a5435f91d62626acc89164fa5ad.JPG;Трехфазные мосты;;1700;50;Приборы общего назначения;МПК-44;;;Силовые модули  и диодные сборки на основе SiC;;
МКД6-100-17;mkd6-100-17;2500;/upload/iblock/e60/e60d557168d387f85e5bd3600c0c9b8d.GIF;/upload/iblock/57f/57f9ed0c79b1910f8943ce176cfff2ee.JPG;Трехфазные мосты;;1700;100;Приборы общего назначения;МПК-44;;;Силовые модули  и диодные сборки на основе SiC;;
